Country,Position,Date,Song title,Song author,Country artist,Genre
Japan,1,2020-10-17,Dynamite,BTS,KR,K-Pop
Japan,2,2020-10-17,Nobody's Love,Maroon 5,US,Pop
Japan,3,2020-10-17,WAP,Cardi B & Megan Thee Stallion,US,
Japan,4,2020-10-17,Savage (Remix),Megan Thee Stallion & Beyonce,US,
Japan,5,2020-10-17,It's My Life,V6,JP,
Japan,6,2020-10-17,Come & Go,Juice WRLD & Marshmello,US,
Japan,7,2020-10-17,Laxed (Siren Beat),Jawsh 685,NZ,Reggae
Japan,8,2020-10-17,Worry About Me,Ellie Goulding & Blackbear,GB,
Japan,8,2020-10-17,Whenever You Call,Arashi,US,
Japan,10,2020-10-17,Holy,Justin Bieber & Chance The Rapper,CA,
Japan,11,2020-10-17,OK Not To Be OK,Marshmello & Demi Lovato,US,Pop
Japan,12,2020-10-17,Don't Stop,Megan Thee Stallion & Young Thug,US,
Japan,13,2020-10-17,Over Now,Calvin Harris & Weeknd,Scotland,
Japan,14,2020-10-17,Ice Cream,Blackpink & Selena Gomez,US,
Japan,15,2020-10-17,Blinding Lights,Weeknd,CA,
Japan,16,2020-10-17,Rockstar,DaBaby & Roddy Ricch,US,
Japan,17,2020-10-17,Lemonade,"Internet Money, Gunna & Toliver",,
Japan,18,2020-10-17,Mood,24kGoldn & Iann Dior,US,
Japan,19,2020-10-17,Kanzai Boya,Kinki Kids,JP,
Japan,20,2020-10-17,Good Guy,SF9,KR,
Japan,1,2020-09-19,Dynamite,BTS,KR,K-Pop
Japan,2,2020-09-19,Loyal Brave True,Christina Aguilera,US,Soundtrack
Japan,3,2020-09-19,WAP,Cardi B & Megan Thee Stallion,US,
Japan,4,2020-09-19,Nobody's Love,Maroon 5,US,Pop
Japan,5,2020-09-19,Come & Go,Juice WRLD & Marshmello,US,
Japan,6,2020-09-19,Savage (Remix),Megan Thee Stallion & Beyonce,US,
Japan,7,2020-09-19,Ice Cream,Blackpink & Selena Gomez,US,
Japan,8,2020-09-19,Over Now,Calvin Harris & Weeknd,Scotland,
Japan,9,2020-09-19,Be Kind,Marshmello & Halsey,US,Dance
Japan,10,2020-09-19,Blinding Lights,Weeknd,CA,
Japan,11,2020-09-19,Laxed (Siren Beat),Jawsh 685,NZ,Reggae
Japan,12,2020-09-19,Kanzai Boya,Kinki Kids,JP,
Japan,13,2020-09-19,Naked Heart,Aimyon,JP,J-Pop
Japan,14,2020-09-19,Take You Dancing,Jason Derulo,US,Dance
Japan,15,2020-09-19,Good Guy,SF9,KR,
Japan,16,2020-09-19,Fanfare,Twice,KR,
Japan,17,2020-09-19,Smile,Katy Perry,US,Pop
Japan,18,2020-09-19,Heartless,"Diplo, Thomas Wesley & Morgan Wallen",US,
Japan,19,2020-09-19,Rockstar,DaBaby & Roddy Ricch,US,
Japan,20,2020-09-19,Campanella,Kenshi Yonezu,JP,J-Pop
Japan,1,2020-08-22,WAP,Cardi B & Megan Thee Stallion,US,
Japan,2,2020-08-22,Be Kind,Marshmello & Halsey,US,Dance
Japan,3,2020-08-22,Come & Go,Juice WRLD & Marshmello,US,
Japan,4,2020-08-22,Kanzai Boya,Kinki Kids,JP,
Japan,5,2020-08-22,Laxed (Siren Beat),Jawsh 685,NZ,Reggae
Japan,6,2020-08-22,Ur So F**kInG cOoL,Tones And I,AU,Alternative
Japan,7,2020-08-22,Savage (Remix),Megan Thee Stallion & Beyonce,US,
Japan,8,2020-08-22,Nobody's Love,Maroon 5,US,Pop
Japan,9,2020-08-22,Blinding Lights,Weeknd,CA,
Japan,10,2020-08-22,Good Guy,SF9,KR,
Japan,11,2020-08-22,Fanfare,Twice,KR,
Japan,12,2020-08-22,Rockstar,DaBaby & Roddy Ricch,US,
Japan,13,2020-08-22,Stuck With U,Ariana Grande & Justin Bieber,US,Pop
Japan,14,2020-08-22,Naked Heart,Aimyon,JP,J-Pop
Japan,15,2020-08-22,Swingin',Love Psychedelico,JP,
Japan,16,2020-08-22,Everyday,Mahina,JP,
Japan,17,2020-08-22,Last Mermaid...,Hey! Say! Jump,JP,
Japan,18,2020-08-22,Stand Up,Bullet Train,,
Japan,19,2020-08-22,Campanella,Kenshi Yonezu,JP,J-Pop
Japan,20,2020-08-22,Heartless,"Diplo, Thomas Wesley & Morgan Wallen",US,
Japan,1,2020-07-25,Savage (Remix),Megan Thee Stallion & Beyonce,US,
Japan,2,2020-07-25,Be Kind,Marshmello & Halsey,US,Dance
Japan,3,2020-07-25,Last Mermaid...,Hey! Say! Jump,JP,
Japan,4,2020-07-25,Fanfare,Twice,KR,
Japan,5,2020-07-25,Make You Happy,NiziU,JP,J-Pop
Japan,6,2020-07-25,Swingin',Love Psychedelico,JP,
Japan,7,2020-07-25,Laxed (Siren Beat),Jawsh 685,NZ,Reggae
Japan,8,2020-07-25,Kanzai Boya,Kinki Kids,JP,
Japan,9,2020-07-25,Good Guy,SF9,KR,
Japan,10,2020-07-25,Rockstar,DaBaby & Roddy Ricch,US,
Japan,11,2020-07-25,Stuck With U,Ariana Grande & Justin Bieber,US,Pop
Japan,12,2020-07-25,Naked Heart,Aimyon,JP,J-Pop
Japan,13,2020-07-25,How You Like That,BlackPink,KR,
Japan,14,2020-07-25,Roses,SAINt JHN,GY,Dance
Japan,15,2020-07-25,Sour Candy,Lady Gaga & Blackpink,US,
Japan,16,2020-07-25,Stand Up,Bullet Train,,
Japan,17,2020-07-25,Everyday,Mahina,JP,
Japan,18,2020-07-25,Blinding Lights,Weeknd,CA,
Japan,19,2020-07-25,Heartless,"Diplo, Thomas Wesley & Morgan Wallen",US,
Japan,20,2020-07-25,Ur So F**kInG cOoL,Tones And I,AU,Alternative
Japan,1,2020-06-27,Kanzai Boya,Kinki Kids,JP,
Japan,2,2020-06-27,Rockstar,DaBaby & Roddy Ricch,US,
Japan,3,2020-06-27,Savage (Remix),Megan Thee Stallion & Beyonce,US,
Japan,4,2020-06-27,Swingin',Love Psychedelico,JP,
Japan,5,2020-06-27,Yoru Ni Kakeru,Yoasobi,JP,
Japan,6,2020-06-27,Be Kind,Marshmello & Halsey,US,Dance
Japan,7,2020-06-27,Sour Candy,Lady Gaga & Blackpink,US,
Japan,8,2020-06-27,Mazy Night,King & Prince,JP,
Japan,9,2020-06-27,Blinding Lights,Weeknd,CA,
Japan,10,2020-06-27,Laxed (Siren Beat),Jawsh 685,NZ,Reggae
Japan,11,2020-06-27,Stuck With U,Ariana Grande & Justin Bieber,US,Pop
Japan,12,2020-06-27,Say So,Doja Cat,US,R&B/Soul
Japan,13,2020-06-27,Rain On Me,Lady Gaga & Ariana Grande,US,Pop
Japan,14,2020-06-27,Stay Gold,BTS,KR,K-Pop
Japan,15,2020-06-27,Roses,SAINt JHN,GY,Dance
Japan,16,2020-06-27,Dance Monkey,Tones And I,AU,Alternative
Japan,17,2020-06-27,Stand Up,Bullet Train,,
Japan,18,2020-06-27,Roxanne,Arizona Zervas,US,Hip-Hop/Rap
Japan,19,2020-06-27,Trollz,6ix9ine & Nicki Minaj,US,Hip-Hop/Rap
Japan,20,2020-06-27,Heartless,"Diplo, Thomas Wesley & Morgan Wallen",US,
Japan,1,2020-05-30,Be Kind,Marshmello & Halsey,US,Dance
Japan,2,2020-05-30,Stuck With U,Ariana Grande & Justin Bieber,US,Pop
Japan,3,2020-05-30,Swingin',Love Psychedelico,JP,
Japan,4,2020-05-30,Laxed (Siren Beat),Jawsh 685,NZ,Reggae
Japan,5,2020-05-30,Time,Hikaru Utada,JP,
Japan,6,2020-05-30,Savage (Remix),Megan Thee Stallion & Beyonce,US,
Japan,7,2020-05-30,Toosie Slide,Drake,CA,Hip-Hop/Rap
Japan,8,2020-05-30,Say So,Doja Cat,US,R&B/Soul
Japan,9,2020-05-30,Snow Jam,Rinne,EE,Hip-Hop/Rap
Japan,10,2020-05-30,Dance Monkey,Tones And I,AU,Alternative
Japan,11,2020-05-30,Blinding Lights,Weeknd,CA,
Japan,12,2020-05-30,3-2,HKT48,JP,
Japan,13,2020-05-30,Stupid Love,Lady Gaga,US,Pop
Japan,14,2020-05-30,Love So Sweet,Arashi,US,
Japan,16,2020-05-30,Roses,SAINt JHN,GY,Dance
Japan,17,2020-05-30,Roxanne,Arizona Zervas,US,Hip-Hop/Rap
Japan,18,2020-05-30,Ai Wo Shiru,Last Idol,JP,
Japan,19,2020-05-30,Wish On The Same Sky,Monsta X,KR,
Japan,20,2020-05-30,Naked Heart,Aimyon,JP,J-Pop
Japan,1,2020-05-02,3-2,HKT48,JP,
Japan,2,2020-05-02,I Love...,Official Hige Dandism,JP,
Japan,3,2020-05-02,Snow Jam,Rinne,EE,Hip-Hop/Rap
Japan,4,2020-05-02,Toosie Slide,Drake,CA,Hip-Hop/Rap
Japan,5,2020-05-02,Blinding Lights,Weeknd,CA,
Japan,6,2020-05-02,Say So,Doja Cat,US,R&B/Soul
Japan,7,2020-05-02,Swingin',Love Psychedelico,JP,
Japan,8,2020-05-02,Hana Ni Bourei,Yorushika,JP,
Japan,9,2020-05-02,Laxed (Siren Beat),Jawsh 685,NZ,Reggae
Japan,10,2020-05-02,Ai Wo Shiru,Last Idol,JP,
Japan,11,2020-05-02,Dance Monkey,Tones And I,AU,Alternative
Japan,12,2020-05-02,Roxanne,Arizona Zervas,US,Hip-Hop/Rap
Japan,13,2020-05-02,Wish On The Same Sky,Monsta X,KR,
Japan,14,2020-05-02,Memories,Maroon 5,US,Pop
Japan,15,2020-05-02,What A Man Gotta Do,Jonas Brothers,US,Pop
Japan,16,2020-05-02,Fallin' Flower,Seventeen,KR,
Japan,17,2020-05-02,Stupid Love,Lady Gaga,US,Pop
Japan,18,2020-05-02,Infinity,JO1,JP,
Japan,19,2020-05-02,Roses,SAINt JHN,GY,Dance
Japan,20,2020-05-02,Intentions,Justin Bieber & Quavo,CA,
Japan,1,2020-04-04,Blinding Lights,Weeknd,CA,
Japan,2,2020-04-04,Shitsuren.Arigatou,AKB48,JP,Kayokyoku
Japan,3,2020-04-04,Infinity,JO1,JP,
Japan,4,2020-04-04,Roses,SAINt JHN,GY,Dance
Japan,5,2020-04-04,Haru Wa Yuku,Aimer,JP,
Japan,6,2020-04-04,I Love...,Official Hige Dandism,JP,
Japan,7,2020-04-04,Intentions,Justin Bieber & Quavo,CA,
Japan,8,2020-04-04,Roxanne,Arizona Zervas,US,Hip-Hop/Rap
Japan,9,2020-04-04,No Time To Die,Billie Eilish,US,Alternative
Japan,10,2020-04-04,I Am,Hey! Say! Jump,JP,
Japan,11,2020-04-04,The Other Side,SZA & Justin Timberlake,US,Soundtrack
Japan,12,2020-04-04,Memories,Maroon 5,US,Pop
Japan,13,2020-04-04,Dance Monkey,Tones And I,AU,Alternative
Japan,14,2020-04-04,I Believe,Jonas Brothers,US,
Japan,15,2020-04-04,Stupid Love,Lady Gaga,US,Pop
Japan,16,2020-04-04,Teenager Forever,King Gnu,JP,Alternative
Japan,17,2020-04-04,Filter,BTS,KR,
Japan,18,2020-04-04,Say So,Doja Cat,US,R&B/Soul
Japan,19,2020-04-04,Pretender,Official Hige Dandism,JP,
Japan,20,2020-04-04,Try Again,Mag!C Prince,JP,
Japan,1,2020-03-07,I Am,Hey! Say! Jump,JP,
Japan,2,2020-03-07,No Time To Die,Billie Eilish,US,Alternative
Japan,3,2020-03-07,Blinding Lights,Weeknd,CA,
Japan,4,2020-03-07,Roxanne,Arizona Zervas,US,Hip-Hop/Rap
Japan,5,2020-03-07,Dance Monkey,Tones And I,AU,Alternative
Japan,6,2020-03-07,Anata Ga Iru Koto De,Uru,JP,J-Pop
Japan,7,2020-03-07,I Love...,Official Hige Dandism,JP,
Japan,8,2020-03-07,Filter,BTS,KR,
Japan,9,2020-03-07,Intentions,Justin Bieber & Quavo,CA,
Japan,10,2020-03-07,Doron,King Gnu,JP,Alternative
Japan,11,2020-03-07,Teenager Forever,King Gnu,JP,Alternative
Japan,12,2020-03-07,Yummy,Justin Bieber,CA,Pop
Japan,13,2020-03-07,Memories,Maroon 5,US,Pop
Japan,14,2020-03-07,I Believe,Jonas Brothers,US,
Japan,15,2020-03-07,Try Again,Mag!C Prince,JP,
Japan,16,2020-03-07,Pretender,Official Hige Dandism,JP,
Japan,17,2020-03-07,Unaccommodating,Eminem & Young M.A,US,
Japan,18,2020-03-07,Mubou Na Yume Ha Sameru Koto Ga Nai,STU48,JP,J-Pop
Japan,19,2020-03-07,Highest In The Room,Travis Scott,US,Hip-Hop/Rap
Japan,20,2020-03-07,10000 Hours,"Dan & Shay, Justin Bieber",CA,
Japan,1,2020-02-08,Mubou Na Yume Ha Sameru Koto Ga Nai,STU48,JP,J-Pop
Japan,2,2020-02-08,Roxanne,Arizona Zervas,US,Hip-Hop/Rap
Japan,3,2020-02-08,Unaccommodating,Eminem & Young M.A,US,
Japan,4,2020-02-08,Yummy,Justin Bieber,CA,Pop
Japan,5,2020-02-08,Morning Musume.'20,Kokoro & Karada,,
Japan,6,2020-02-08,I Love...,Official Hige Dandism,JP,
Japan,7,2020-02-08,Dance Monkey,Tones And I,AU,Alternative
Japan,8,2020-02-08,Memories,Maroon 5,US,Pop
Japan,9,2020-02-08,REstart,Mameshiba No Taigun,JP,
Japan,10,2020-02-08,Underdog,Alicia Keys,US,R&B/Soul
Japan,11,2020-02-08,Pretender,Official Hige Dandism,JP,
Japan,12,2020-02-08,I Believe,Jonas Brothers,US,
Japan,13,2020-02-08,Try Again,Mag!C Prince,JP,
Japan,14,2020-02-08,Tomo Yo,Kanjani8,JP,
Japan,15,2020-02-08,Soyutoko Aru Yone?,SKE48,JP,J-Pop
Japan,16,2020-02-08,Teenager Forever,King Gnu,JP,Alternative
Japan,17,2020-02-08,Highest In The Room,Travis Scott,US,Hip-Hop/Rap
Japan,18,2020-02-08,Good As Hell,Lizzo,US,Pop
Japan,19,2020-02-08,Don't Start Now,Dua Lipa,England,Pop
Japan,20,2020-02-08,10000 Hours,"Dan & Shay, Justin Bieber",CA,
Japan,1,2020-01-11,Pretender,Official Hige Dandism,JP,
Japan,2,2020-01-11,Gattan Gotton Go!,Boys And Men,JP,
Japan,3,2020-01-11,Dance Monkey,Tones And I,AU,Alternative
Japan,4,2020-01-11,Memories,Maroon 5,US,Pop
Japan,5,2020-01-11,Roxanne,Arizona Zervas,US,Hip-Hop/Rap
Japan,6,2020-01-11,REstart,Mameshiba No Taigun,JP,
Japan,7,2020-01-11,10000 Hours,"Dan & Shay, Justin Bieber",CA,
Japan,8,2020-01-11,Try Again,Mag!C Prince,JP,
Japan,9,2020-01-11,Don't Start Now,Dua Lipa,England,Pop
Japan,10,2020-01-11,Highest In The Room,Travis Scott,US,Hip-Hop/Rap
Japan,11,2020-01-11,Edge Of Days,Kis-My-Ft2,JP,
Japan,12,2020-01-11,Time Camera,Fantastics From Exile Tribe,JP,
Japan,13,2020-01-11,Senorita,Shawn Mendes & Camila Cabello,US,Pop
Japan,14,2020-01-11,Good As Hell,Lizzo,US,Pop
Japan,15,2020-01-11,Heartless,Weeknd,CA,
Japan,16,2020-01-11,Tomo Yo,Kanjani8,JP,
Japan,17,2020-01-11,Teenager Forever,King Gnu,JP,Alternative
Japan,18,2020-01-11,Into The Unknown,Panic! At The Disco,US,
Japan,19,2020-01-11,Easy Love,Sigala,GB,Pop
Japan,20,2020-01-11,Uma To Shika,Kenshi Yonezu,JP,J-Pop
Japan,1,2019-12-14,Dance Monkey,Tones And I,AU,Alternative
Japan,2,2019-12-14,Memories,Maroon 5,US,Pop
Japan,3,2019-12-14,10000 Hours,"Dan & Shay, Justin Bieber",CA,
Japan,4,2019-12-14,Tomo Yo,Kanjani8,JP,
Japan,5,2019-12-14,Watashi Wo Tsukuru No Ha Watashi,Angerme,JP,
Japan,6,2019-12-14,Time Camera,Fantastics From Exile Tribe,JP,
Japan,7,2019-12-14,Pretender,Official Hige Dandism,JP,
Japan,8,2019-12-14,Edge Of Days,Kis-My-Ft2,JP,
Japan,9,2019-12-14,Into The Unknown,Panic! At The Disco,US,
Japan,10,2019-12-14,Zurui Yo Zurui Ne,=LOVE,US,J-Pop
Japan,11,2019-12-14,Uma To Shika,Kenshi Yonezu,JP,J-Pop
Japan,12,2019-12-14,Don't Start Now,Dua Lipa,England,Pop
Japan,13,2019-12-14,Yesterday,Official Hige Dandism,JP,
Japan,14,2019-12-14,Turning Up,Arashi,US,
Japan,15,2019-12-14,Senorita,Shawn Mendes & Camila Cabello,US,Pop
Japan,16,2019-12-14,Easy Love,Sigala,GB,Pop
Japan,17,2019-12-14,Aa Osaka Dreamin Night,Dotsuitare-Hompo,,
Japan,18,2019-12-14,RPM,SF9,KR,K-Pop
Japan,19,2019-12-14,Hatsukoi Shijou Shugi,NMB48,JP,
Japan,20,2019-12-14,Highest In The Room,Travis Scott,US,Hip-Hop/Rap
Netherlands,1,2023-08-26,(It Goes Like) Nanana,Peggy Gou,Berlin,Dance
Netherlands,2,2023-08-26,People,Libianca,US,Afro-Beat
Netherlands,3,2023-08-26,Engelbewaarder,Marco Schuitmaker,,Singer/Songwriter
Netherlands,4,2023-08-26,Dance The Night,Dua Lipa,England,Pop
Netherlands,5,2023-08-26,How You Samba,"Kris Kross Amsterdam, Sofia Reyes & Tinie Tempah",GB,
Netherlands,6,2023-08-26,What Was I Made For?,Billie Eilish,US,Alternative
Netherlands,7,2023-08-26,Sprinter,Dave & Central Cee,England,Hip-Hop/Rap
Netherlands,8,2023-08-26,Vampire,Olivia Rodrigo,US,Pop
Netherlands,9,2023-08-26,Tattoo,Loreen,SE,Pop
Netherlands,10,2023-08-26,Prada,"Casso, Raye & D-Block Europe",GB,
Netherlands,11,2023-08-26,Miracle,Calvin Harris & Ellie Goulding,GB,Dance
Netherlands,12,2023-08-26,Esta Vida,Marshmello & Farruko,US,Pop in Spanish
Netherlands,13,2023-08-26,Desire,Calvin Harris & Sam Smith,Scotland,Dance
Netherlands,14,2023-08-26,Baby Don't Hurt Me,"David Guetta, Anne-Marie & Coi Leray",US,Dance
Netherlands,15,2023-08-26,Amalia,Wesly Bronkhorst,,Pop
Netherlands,16,2023-08-26,Chemical,Post Malone,US,Pop
Netherlands,17,2023-08-26,Arranca,Becky G & Omega,US,
Netherlands,18,2023-08-26,Push Up,Creeds,FR,Dance
Netherlands,19,2023-08-26,Not Fair,"Niklas Dee, Old Jim & Enny-Mae",DE,
Netherlands,20,2023-08-26,Stiekem,Maan & Goldband,NL,Pop
Netherlands,1,2023-07-29,Engelbewaarder,Marco Schuitmaker,,Singer/Songwriter
Netherlands,2,2023-07-29,People,Libianca,US,Afro-Beat
Netherlands,3,2023-07-29,(It Goes Like) Nanana,Peggy Gou,Berlin,Dance
Netherlands,4,2023-07-29,Sprinter,Dave & Central Cee,England,Hip-Hop/Rap
Netherlands,5,2023-07-29,How You Samba,"Kris Kross Amsterdam, Sofia Reyes & Tinie Tempah",GB,
Netherlands,6,2023-07-29,Tattoo,Loreen,SE,Pop
Netherlands,7,2023-07-29,Miracle,Calvin Harris & Ellie Goulding,GB,Dance
Netherlands,8,2023-07-29,Vampire,Olivia Rodrigo,US,Pop
Netherlands,9,2023-07-29,Lay Low,Tiesto,NL,
Netherlands,10,2023-07-29,Baby Don't Hurt Me,"David Guetta, Anne-Marie & Coi Leray",US,Dance
Netherlands,11,2023-07-29,Dance The Night,Dua Lipa,England,Pop
Netherlands,12,2023-07-29,Arranca,Becky G & Omega,US,
Netherlands,13,2023-07-29,Esta Vida,Marshmello & Farruko,US,Pop in Spanish
Netherlands,14,2023-07-29,Stiekem,Maan & Goldband,NL,Pop
Netherlands,15,2023-07-29,Daylight,David Kushner,US,Pop
Netherlands,16,2023-07-29,Layla,Claude,FR,
Netherlands,17,2023-07-29,Pornstar Martini,"$hirak, Cristian D, Lil Kleine & Boef",NL,
Netherlands,18,2023-07-29,Sliden,Antoon & Ronnie Flex,NL,Pop
Netherlands,19,2023-07-29,Push Up,Creeds,FR,Dance
Netherlands,20,2023-07-29,Noodgeval,Goldband,NL,House
Netherlands,1,2023-07-01,People,Libianca,US,Afro-Beat
Netherlands,2,2023-07-01,Engelbewaarder,Marco Schuitmaker,,Singer/Songwriter
Netherlands,3,2023-07-01,Sprinter,Dave & Central Cee,England,Hip-Hop/Rap
Netherlands,4,2023-07-01,How You Samba,"Kris Kross Amsterdam, Sofia Reyes & Tinie Tempah",GB,
Netherlands,5,2023-07-01,Tattoo,Loreen,SE,Pop
Netherlands,6,2023-07-01,Pornstar Martini,"$hirak, Cristian D, Lil Kleine & Boef",NL,
Netherlands,7,2023-07-01,Schultenbrau,Chantie & Donnie,US,
Netherlands,8,2023-07-01,Miracle,Calvin Harris & Ellie Goulding,GB,Dance
Netherlands,9,2023-07-01,Sliden,Antoon & Ronnie Flex,NL,Pop
Netherlands,10,2023-07-01,Lay Low,Tiesto,NL,
Netherlands,11,2023-07-01,Daylight,David Kushner,US,Pop
Netherlands,12,2023-07-01,Baby Don't Hurt Me,"David Guetta, Anne-Marie & Coi Leray",US,Dance
Netherlands,13,2023-07-01,(It Goes Like) Nanana,Peggy Gou,Berlin,Dance
Netherlands,14,2023-07-01,Zin In De Zomer Man,"Bizzey, Kraantje Pappie & Rolf Sanchez",NL,Pop
Netherlands,15,2023-07-01,Arranca,Becky G & Omega,US,
Netherlands,16,2023-07-01,Layla,Claude,FR,
Netherlands,17,2023-07-01,Who Told You,J Hus & Drake,GB,
Netherlands,18,2023-07-01,Stiekem,Maan & Goldband,NL,Pop
Netherlands,19,2023-07-01,Anne-Fleur Vakantie,Roxy Dekker,,Pop
Netherlands,20,2023-07-01,Flowers,Miley Cyrus,US,Pop
Netherlands,1,2023-06-03,Engelbewaarder,Marco Schuitmaker,,Singer/Songwriter
Netherlands,2,2023-06-03,Pornstar Martini,"$hirak, Cristian D, Lil Kleine & Boef",NL,
Netherlands,3,2023-06-03,People,Libianca,US,Afro-Beat
Netherlands,4,2023-06-03,Tattoo,Loreen,SE,Pop
Netherlands,5,2023-06-03,How You Samba,"Kris Kross Amsterdam, Sofia Reyes & Tinie Tempah",GB,
Netherlands,6,2023-06-03,Miracle,Calvin Harris & Ellie Goulding,GB,Dance
Netherlands,7,2023-06-03,Daylight,David Kushner,US,Pop
Netherlands,8,2023-06-03,Zin In De Zomer Man,"Bizzey, Kraantje Pappie & Rolf Sanchez",NL,Pop
Netherlands,9,2023-06-03,Stiekem,Maan & Goldband,NL,Pop
Netherlands,10,2023-06-03,Trust,Kevin & Yade Lauren,NL,
Netherlands,11,2023-06-03,Flowers,Miley Cyrus,US,Pop
Netherlands,12,2023-06-03,Layla,Claude,FR,
Netherlands,13,2023-06-03,Lay Low,Tiesto,NL,
Netherlands,14,2023-06-03,Baby Don't Hurt Me,"David Guetta, Anne-Marie & Coi Leray",US,Dance
Netherlands,15,2023-06-03,Wat Wil Je Van Mij,Metejoor & Hannah Mae,BE,Pop
Netherlands,16,2023-06-03,Padellen,Turfy Gang & LA$$A,,Pop
Netherlands,17,2023-06-03,Rush,Ayra Starr,NG,
Netherlands,18,2023-06-03,Outside,Zoe Tauran & Bilal Wahib,NL,
Netherlands,19,2023-06-03,Noodgeval,Goldband,NL,House
Netherlands,20,2023-06-03,Verleden Tijd,Flemming,Amsterdam,
New,1,2023-08-28,Paint The Town Red,Doja Cat,US,Rap
New,2,2023-08-28,Sprinter,Dave & Central Cee,England,Hip-Hop/Rap
New,3,2023-08-28,What Was I Made For?,Billie Eilish,US,Alternative
New,4,2023-08-28,Fukumean,Gunna,US,Hip-Hop/Rap
New,5,2023-08-28,Dance The Night,Dua Lipa,England,Pop
New,6,2023-08-28,Cruel Summer,Taylor Swift,US,Pop
New,7,2023-08-28,Vampire,Olivia Rodrigo,US,Pop
New,8,2023-08-28,Fast Car,Luke Combs,US,Country
New,9,2023-08-28,Popular,"Weeknd, Playboi Carti & Madonna",US,
New,10,2023-08-28,Last Night,Morgan Wallen,US,Country
New,11,2023-08-28,Cinderella,Jking,,
New,12,2023-08-28,Barbie World,"Nicki Minaj, Ice Spice & Aqua",US,
New,13,2023-08-28,Die For You,Weeknd & Ariana Grande,US,
New,14,2023-08-28,Something In The Orange,Zach Bryan,Seattle,Country
New,15,2023-08-28,Bad Idea Right?,Olivia Rodrigo,US,Pop
New,16,2023-08-28,Seven,Jung Kook & Latto,KR,K-Pop
New,17,2023-08-28,Rich Men North Of Richmond,Oliver Anthony Music,US,Country
New,18,2023-08-28,Flowers,Miley Cyrus,US,Pop
New,19,2023-08-28,People,Libianca,US,Afro-Beat
New,20,2023-08-28,Daylight,David Kushner,US,Pop
New,1,2023-07-31,Sprinter,Dave & Central Cee,England,Hip-Hop/Rap
New,2,2023-07-31,What Was I Made For?,Billie Eilish,US,Alternative
New,3,2023-07-31,Fukumean,Gunna,US,Hip-Hop/Rap
New,4,2023-07-31,Barbie World,"Nicki Minaj, Ice Spice & Aqua",US,
New,5,2023-07-31,Seven,Jung Kook & Latto,KR,K-Pop
New,6,2023-07-31,Vampire,Olivia Rodrigo,US,Pop
New,7,2023-07-31,Cinderella,Jking,,
New,8,2023-07-31,Dance The Night,Dua Lipa,England,Pop
New,9,2023-07-31,Cruel Summer,Taylor Swift,US,Pop
New,10,2023-07-31,Last Night,Morgan Wallen,US,Country
New,11,2023-07-31,People,Libianca,US,Afro-Beat
New,12,2023-07-31,Popular,"Weeknd, Playboi Carti & Madonna",US,
New,13,2023-07-31,Kill Bill,SZA,US,R&B/Soul
New,14,2023-07-31,Daylight,David Kushner,US,Pop
New,15,2023-07-31,Flowers,Miley Cyrus,US,Pop
New,16,2023-07-31,Super Shy,NewJeans,KR,K-Pop
New,17,2023-07-31,Calm Down,Rema,GB,
New,18,2023-07-31,Fast Car,Luke Combs,US,Country
New,19,2023-07-31,Die For You,Weeknd & Ariana Grande,US,
New,20,2023-07-31,Something In The Orange,Zach Bryan,Seattle,Country
New,1,2023-07-03,Sprinter,Dave & Central Cee,England,Hip-Hop/Rap
New,2,2023-07-03,Cinderella,Jking,,
New,3,2023-07-03,People,Libianca,US,Afro-Beat
New,4,2023-07-03,Last Night,Morgan Wallen,US,Country
New,5,2023-07-03,Daylight,David Kushner,US,Pop
New,6,2023-07-03,Flowers,Miley Cyrus,US,Pop
New,7,2023-07-03,Calm Down,Rema,GB,
New,8,2023-07-03,Cruel Summer,Taylor Swift,US,Pop
New,9,2023-07-03,Kill Bill,SZA,US,R&B/Soul
New,10,2023-07-03,Cupid,Fifty Fifty,GB,
New,11,2023-07-03,Die For You,Weeknd & Ariana Grande,US,
New,12,2023-07-03,Boy's A Liar,PinkPantheress,England,Pop
New,13,2023-07-03,Something In The Orange,Zach Bryan,Seattle,Country
New,14,2023-07-03,Fast Car,Luke Combs,US,Country
New,15,2023-07-03,What It Is (Block Boy),Doechii & Kodak Black,US,
New,16,2023-07-03,All My Life,Lil Durk & J. Cole,US,
New,17,2023-07-03,Until I Found You,Stephen Sanchez & Em Beihold,US,Singer/Songwriter
New,18,2023-07-03,Anti-Hero,Taylor Swift,US,Pop
New,19,2023-07-03,As It Was,Harry Styles,England,Pop
New,20,2023-07-03,Popular,"Weeknd, Playboi Carti & Madonna",US,
New,1,2023-06-05,Cupid,Fifty Fifty,GB,
New,2,2023-06-05,People,Libianca,US,Afro-Beat
New,3,2023-06-05,Last Night,Morgan Wallen,US,Country
New,4,2023-06-05,Daylight,David Kushner,US,Pop
New,5,2023-06-05,Flowers,Miley Cyrus,US,Pop
New,6,2023-06-05,Kill Bill,SZA,US,R&B/Soul
New,7,2023-06-05,Calm Down,Rema,GB,
New,8,2023-06-05,Die For You,Weeknd & Ariana Grande,US,
New,9,2023-06-05,Karma,Taylor Swift & Ice Spice,US,
New,10,2023-06-05,Boy's A Liar,PinkPantheress,England,Pop
New,11,2023-06-05,All My Life,Lil Durk & J. Cole,US,
New,12,2023-06-05,Snow On The Beach,Taylor Swift & Lana Del Rey,US,
New,13,2023-06-05,Something In The Orange,Zach Bryan,Seattle,Country
New,14,2023-06-05,Hits Different,Taylor Swift,US,Pop
New,15,2023-06-05,Until I Found You,Stephen Sanchez & Em Beihold,US,Singer/Songwriter
New,16,2023-06-05,Anti-Hero,Taylor Swift,US,Pop
New,17,2023-06-05,What It Is (Block Boy),Doechii & Kodak Black,US,
New,18,2023-06-05,Escapism,Raye & 070 Shake,US,
New,19,2023-06-05,See You Again,Tyler The Creator & Kali Uchis,US,
New,20,2023-06-05,As It Was,Harry Styles,England,Pop
New,1,2023-05-08,Cupid,Fifty Fifty,GB,
New,2,2023-05-08,Daylight,David Kushner,US,Pop
New,3,2023-05-08,Kill Bill,SZA,US,R&B/Soul
New,4,2023-05-08,People,Libianca,US,Afro-Beat
New,5,2023-05-08,Last Night,Morgan Wallen,US,Country
New,6,2023-05-08,Flowers,Miley Cyrus,US,Pop
New,7,2023-05-08,Boy's A Liar,PinkPantheress,England,Pop
New,8,2023-05-08,Calm Down,Rema,GB,
New,9,2023-05-08,Die For You,Weeknd & Ariana Grande,US,
New,10,2023-05-08,Escapism,Raye & 070 Shake,US,
New,11,2023-05-08,Something In The Orange,Zach Bryan,Seattle,Country
New,12,2023-05-08,Players,Coi Leray,US,Hip-Hop/Rap
New,13,2023-05-08,See You Again,Tyler The Creator & Kali Uchis,US,
New,14,2023-05-08,Snooze,SZA,US,R&B/Soul
New,15,2023-05-08,Never Felt So Alone,Labrinth,GB,Pop
New,16,2023-05-08,As It Was,Harry Styles,England,Pop
New,17,2023-05-08,Until I Found You,Stephen Sanchez & Em Beihold,US,Singer/Songwriter
New,18,2023-05-08,Anti-Hero,Taylor Swift,US,Pop
New,19,2023-05-08,I Ain't Worried,OneRepublic,US,Pop
New,20,2023-05-08,Take It Away,L. A. B.,SE,
New,1,2023-04-10,Flowers,Miley Cyrus,US,Pop
New,2,2023-04-10,Boy's A Liar,PinkPantheress,England,Pop
New,3,2023-04-10,Last Night,Morgan Wallen,US,Country
New,4,2023-04-10,Kill Bill,SZA,US,R&B/Soul
New,5,2023-04-10,People,Libianca,US,Afro-Beat
New,6,2023-04-10,Die For You,Weeknd & Ariana Grande,US,
New,7,2023-04-10,Sure Thing,Miguel,US,R&B/Soul
New,8,2023-04-10,Calm Down,Rema,GB,
New,9,2023-04-10,Escapism,Raye & 070 Shake,US,
New,10,2023-04-10,Players,Coi Leray,US,Hip-Hop/Rap
New,11,2023-04-10,Something In The Orange,Zach Bryan,Seattle,Country
New,12,2023-04-10,Cupid,Fifty Fifty,GB,
New,13,2023-04-10,As It Was,Harry Styles,England,Pop
New,14,2023-04-10,Snooze,SZA,US,R&B/Soul
New,15,2023-04-10,Anti-Hero,Taylor Swift,US,Pop
New,16,2023-04-10,Eyes Closed,Ed Sheeran,GB,Pop
New,17,2023-04-10,Creepin',"Metro Boomin, Weeknd & 21 Savage",US,
New,18,2023-04-10,Take It Away,L. A. B.,SE,
New,19,2023-04-10,I Ain't Worried,OneRepublic,US,Pop
New,20,2023-04-10,Unholy,Sam Smith & Kim Petras,US,Dance
New,1,2023-03-13,Boy's A Liar,PinkPantheress,England,Pop
New,2,2023-03-13,Flowers,Miley Cyrus,US,Pop
New,3,2023-03-13,Die For You,Weeknd & Ariana Grande,US,
New,4,2023-03-13,Kill Bill,SZA,US,R&B/Soul
New,5,2023-03-13,Last Night,Morgan Wallen,US,Country
New,6,2023-03-13,Sure Thing,Miguel,US,R&B/Soul
New,7,2023-03-13,People,Libianca,US,Afro-Beat
New,8,2023-03-13,Escapism,Raye & 070 Shake,US,
New,9,2023-03-13,Players,Coi Leray,US,Hip-Hop/Rap
New,10,2023-03-13,As It Was,Harry Styles,England,Pop
New,11,2023-03-13,Calm Down,Rema,GB,
New,12,2023-03-13,Something In The Orange,Zach Bryan,Seattle,Country
New,13,2023-03-13,Unholy,Sam Smith & Kim Petras,US,Dance
New,14,2023-03-13,Take It Away,L. A. B.,SE,
New,15,2023-03-13,I Ain't Worried,OneRepublic,US,Pop
New,16,2023-03-13,Painting Pictures,Superstar Pride,,Hip-Hop/Rap
New,17,2023-03-13,Ceilings,Lizzy McAlpine,Philadelphia,Alternative
New,18,2023-03-13,Snooze,SZA,US,R&B/Soul
New,19,2023-03-13,Creepin',"Metro Boomin, Weeknd & 21 Savage",US,
New,20,2023-03-13,Until I Found You,Stephen Sanchez,,Singer/Songwriter
New,1,2023-02-13,Flowers,Miley Cyrus,US,Pop
New,2,2023-02-13,Kill Bill,SZA,US,R&B/Soul
New,3,2023-02-13,Escapism,Raye & 070 Shake,US,
New,4,2023-02-13,Unholy,Sam Smith & Kim Petras,US,Dance
New,5,2023-02-13,Sure Thing,Miguel,US,R&B/Soul
New,6,2023-02-13,Players,Coi Leray,US,Hip-Hop/Rap
New,7,2023-02-13,People,Libianca,US,Afro-Beat
New,8,2023-02-13,Made You Look,Meghan Trainor,US,Pop
New,9,2023-02-13,Something In The Orange,Zach Bryan,Seattle,Country
New,10,2023-02-13,Boy's A Liar,PinkPantheress,England,Pop
New,11,2023-02-13,Messy In Heaven,Venbee & Goddard,England,
New,12,2023-02-13,Creepin',"Metro Boomin, Weeknd & 21 Savage",US,
New,13,2023-02-13,Shivers,Ed Sheeran,GB,Pop
New,14,2023-02-13,I Ain't Worried,OneRepublic,US,Pop
New,15,2023-02-13,Anti-Hero,Taylor Swift,US,Pop
New,16,2023-02-13,As It Was,Harry Styles,England,Pop
New,17,2023-02-13,I'm Good (Blue),David Guetta & Bebe Rexha,US,Dance
New,18,2023-02-13,Take It Away,L. A. B.,SE,
New,19,2023-02-13,Cold Heart (Pnau Remix),Elton John & Dua Lipa,England,Pop
New,20,2023-02-13,Love Again,Kid LAROI,AU,
New,1,2023-01-16,Kill Bill,SZA,US,R&B/Soul
New,2,2023-01-16,Escapism,Raye & 070 Shake,US,
New,3,2023-01-16,Unholy,Sam Smith & Kim Petras,US,Dance
New,4,2023-01-16,I'm Good (Blue),David Guetta & Bebe Rexha,US,Dance
New,5,2023-01-16,Made You Look,Meghan Trainor,US,Pop
New,6,2023-01-16,Anti-Hero,Taylor Swift,US,Pop
New,7,2023-01-16,Messy In Heaven,Venbee & Goddard,England,
New,8,2023-01-16,Sure Thing,Miguel,US,R&B/Soul
New,9,2023-01-16,I Ain't Worried,OneRepublic,US,Pop
New,10,2023-01-16,Creepin',"Metro Boomin, Weeknd & 21 Savage",US,
New,11,2023-01-16,Miss You,Oliver Tree & Robin Schulz,DE,Pop
New,12,2023-01-16,Something In The Orange,Zach Bryan,Seattle,Country
New,13,2023-01-16,As It Was,Harry Styles,England,Pop
New,14,2023-01-16,In The Air,L. A. B.,SE,
New,15,2023-01-16,Under The Influence,Chris Brown,US,R&B/Soul
New,16,2023-01-16,Cold Heart (Pnau Remix),Elton John & Dua Lipa,England,Pop
New,17,2023-01-16,Until I Found You,Stephen Sanchez & Em Beihold,US,Singer/Songwriter
New,18,2023-01-16,Let Go,Central Cee,England,Hip-Hop/Rap
New,19,2023-01-16,Rich Flex,Drake & 21 Savage,US,Hip-Hop/Rap
New,20,2023-01-16,Dreams,Fleetwood Mac,GB,Rock
New,1,2022-12-19,Kill Bill,SZA,US,R&B/Soul
New,2,2022-12-19,All I Want For Christmas Is You,Mariah Carey,US,Christmas: Pop
New,3,2022-12-19,Rockin' Around The Christmas Tree,Brenda Lee,Nashville,Christmas
New,4,2022-12-19,Unholy,Sam Smith & Kim Petras,US,Dance
New,5,2022-12-19,Last Christmas,Wham!,GB,Pop
New,6,2022-12-19,Made You Look,Meghan Trainor,US,Pop
New,7,2022-12-19,Escapism,Raye & 070 Shake,US,
New,8,2022-12-19,It's Beginning To Look A Lot Like Christmas,Michael Buble,CA,
New,9,2022-12-19,Anti-Hero,Taylor Swift,US,Pop
New,10,2022-12-19,Nobody Gets Me,SZA,US,R&B/Soul
New,11,2022-12-19,Santa Tell Me,Ariana Grande,US,Holiday
New,12,2022-12-19,Creepin',"Metro Boomin, Weeknd & 21 Savage",US,
New,13,2022-12-19,Jingle Bell Rock,Bobby Helms,US,Holiday
New,14,2022-12-19,Miss You,Oliver Tree & Robin Schulz,DE,Pop
New,15,2022-12-19,Blind,SZA,US,R&B/Soul
New,16,2022-12-19,I'm Good (Blue),David Guetta & Bebe Rexha,US,Dance
New,17,2022-12-19,Under The Influence,Chris Brown,US,R&B/Soul
New,18,2022-12-19,Messy In Heaven,Venbee & Goddard,England,
New,19,2022-12-19,I Ain't Worried,OneRepublic,US,Pop
New,20,2022-12-19,Rich Flex,Drake & 21 Savage,US,Hip-Hop/Rap
New,1,2022-11-21,Unholy,Sam Smith & Kim Petras,US,Dance
New,2,2022-11-21,Anti-Hero,Taylor Swift,US,Pop
New,3,2022-11-21,Rich Flex,Drake & 21 Savage,US,Hip-Hop/Rap
New,4,2022-11-21,Made You Look,Meghan Trainor,US,Pop
New,5,2022-11-21,Under The Influence,Chris Brown,US,R&B/Soul
New,6,2022-11-21,I'm Good (Blue),David Guetta & Bebe Rexha,US,Dance
New,7,2022-11-21,Miss You,Oliver Tree & Robin Schulz,DE,Pop
New,8,2022-11-21,I Ain't Worried,OneRepublic,US,Pop
New,9,2022-11-21,Cuff It,Beyonce Knowles,US,
New,10,2022-11-21,Messy In Heaven,Venbee & Goddard,England,
New,11,2022-11-21,Lift Me Up,Rihanna,US,Pop
New,12,2022-11-21,Bad Habit,Steve Lacy,US,R&B/Soul
New,13,2022-11-21,Before You Leave,SIX60,NZ,Pop
New,14,2022-11-21,As It Was,Harry Styles,England,Pop
New,15,2022-11-21,Lavender Haze,Taylor Swift,US,Pop
New,16,2022-11-21,Cold Heart (Pnau Remix),Elton John & Dua Lipa,England,Pop
New,17,2022-11-21,In The Air,L. A. B.,SE,
New,18,2022-11-21,Big City Life,Luude & Mattafix,GB,Dance
New,19,2022-11-21,Midnight Rain,Taylor Swift,US,Pop
New,20,2022-11-21,Super Freaky Girl,Nicki Minaj,US,Hip-Hop/Rap
New,1,2022-10-24,Unholy,Sam Smith & Kim Petras,US,Dance
New,2,2022-10-24,Under The Influence,Chris Brown,US,R&B/Soul
New,3,2022-10-24,Cuff It,Beyonce Knowles,US,
New,4,2022-10-24,I'm Good (Blue),David Guetta & Bebe Rexha,US,Dance
New,5,2022-10-24,I Ain't Worried,OneRepublic,US,Pop
New,6,2022-10-24,Super Freaky Girl,Nicki Minaj,US,Hip-Hop/Rap
New,7,2022-10-24,Miss You,Oliver Tree & Robin Schulz,DE,Pop
New,8,2022-10-24,Bad Habit,Steve Lacy,US,R&B/Soul
New,9,2022-10-24,B.O.T.A. (Baddest Of Them All),Eliza Rose & Interplanetary Criminal,Leeds,Dance
New,10,2022-10-24,As It Was,Harry Styles,England,Pop
New,11,2022-10-24,Big City Life,Luude & Mattafix,GB,Dance
New,12,2022-10-24,Before You Leave,SIX60,NZ,Pop
New,13,2022-10-24,Cold Heart (Pnau Remix),Elton John & Dua Lipa,England,Pop
New,14,2022-10-24,Doja,Central Cee,England,Hip-Hop/Rap
New,15,2022-10-24,Evergreen (You Didn't Deserve Me At All),Omar Apollo,US,Pop
New,16,2022-10-24,HeatWaves,Glass Animals,GB,Alternative
New,17,2022-10-24,Go,Cat Burns,GB,Singer/Songwriter
New,18,2022-10-24,Last Last,Burna Boy,NG,
New,19,2022-10-24,Vegas,Doja Cat,US,Pop
New,20,2022-10-24,Sunroof,Nicky Youre & Dazy,US,Pop
Portugal,1,2023-08-27,Preco Certo,Pedro Mafama,PT,Alternative
Portugal,2,2023-08-27,El Merengue,Marshmello & Manuel Turizo,CO,Pop in Spanish
Portugal,3,2023-08-27,Nosso Quadro,Agroplay & Ana Castela,Mato Grosso do Sul,
Portugal,4,2023-08-27,Maria Joana,"Nuno Ribeiro, Calema & Mariza",PT,Pop
Portugal,5,2023-08-27,Chakras,Ivandro & Julinho KSD,PT,
Portugal,6,2023-08-27,Ta OK,"Dennis, MC Kevin & Chris",US,
Portugal,7,2023-08-27,Novo Balanco,"Veigh, Bvga Beatz, Supernova Ent & Prod Malax",Malabo,Hip-Hop/Rap
Portugal,8,2023-08-27,A Nossa Danca,Calema,ST,Afro-Pop
Portugal,9,2023-08-27,Novidade Na Area,Mc Livinho & DJ Matt D,BR,
Portugal,10,2023-08-27,Where She Goes,Bad Bunny,PR,Latino
Portugal,11,2023-08-27,Ballena,"Vulgo FK, MC PH, Veigh, Pedro Lotto & Fepache",BR,
Portugal,12,2023-08-27,Sprinter,Dave & Central Cee,England,Hip-Hop/Rap
Portugal,13,2023-08-27,Vampire,Olivia Rodrigo,US,Pop
Portugal,14,2023-08-27,Dance The Night,Dua Lipa,England,Pop
Portugal,15,2023-08-27,Como Tu,Barbara Bandeira & Ivandro,PT,
Portugal,16,2023-08-27,Calm Down,Rema,GB,
Portugal,17,2023-08-27,Faz Um Vuk Vuk (Teto Espelhado),MC Kevin & Kevin O Chris,BR,
Portugal,18,2023-08-27,"Gol Bolinha, Gol Quadrado 2",MC Pedrinho & DJ 900,Cabreúva,
Portugal,19,2023-08-27,Casa,D.A.M.A. & Buba Espinho,,
Portugal,20,2023-08-27,LALA,Myke Towers,PR,Latino
Portugal,1,2023-07-30,Chakras,Ivandro & Julinho KSD,PT,
Portugal,2,2023-07-30,Maria Joana,"Nuno Ribeiro, Calema & Mariza",PT,Pop
Portugal,3,2023-07-30,Ta OK,"Dennis, MC Kevin & Chris",US,
Portugal,4,2023-07-30,Preco Certo,Pedro Mafama,PT,Alternative
Portugal,5,2023-07-30,El Merengue,Marshmello & Manuel Turizo,CO,Pop in Spanish
Portugal,6,2023-07-30,Novidade Na Area,Mc Livinho & DJ Matt D,BR,
Portugal,7,2023-07-30,A Nossa Danca,Calema,ST,Afro-Pop
Portugal,8,2023-07-30,Nosso Quadro,Agroplay & Ana Castela,Mato Grosso do Sul,
Portugal,9,2023-07-30,Novo Balanco,"Veigh, Bvga Beatz, Supernova Ent & Prod Malax",Malabo,Hip-Hop/Rap
Portugal,10,2023-07-30,Sprinter,Dave & Central Cee,England,Hip-Hop/Rap
Portugal,11,2023-07-30,Calm Down,Rema,GB,
Portugal,12,2023-07-30,"Gol Bolinha, Gol Quadrado 2",MC Pedrinho & DJ 900,Cabreúva,
Portugal,13,2023-07-30,Casa,D.A.M.A. & Buba Espinho,,
Portugal,14,2023-07-30,Como Tu,Barbara Bandeira & Ivandro,PT,
Portugal,15,2023-07-30,Beso,Rosalia & Rauw Alejandro,PR,
Portugal,16,2023-07-30,Daylight,David Kushner,US,Pop
Portugal,17,2023-07-30,Loucamente,D.A.M.A. & Los Romeros,ES,
Portugal,18,2023-07-30,Planeta,Bispo & Barbara Tinoco,Lisboa,
Portugal,19,2023-07-30,Wish You The Best,Lewis Capaldi,GB,Alternative
Portugal,20,2023-07-30,Where She Goes,Bad Bunny,PR,Latino
Portugal,1,2023-07-02,Chakras,Ivandro & Julinho KSD,PT,
Portugal,2,2023-07-02,Ta OK,"Dennis, MC Kevin & Chris",US,
Portugal,3,2023-07-02,Maria Joana,"Nuno Ribeiro, Calema & Mariza",PT,Pop
Portugal,4,2023-07-02,Como Tu,Barbara Bandeira & Ivandro,PT,
Portugal,5,2023-07-02,A Nossa Danca,Calema,ST,Afro-Pop
Portugal,6,2023-07-02,La Bachata,Manuel Turizo,CO,Urbano latino
Portugal,7,2023-07-02,Nosso Quadro,Agroplay & Ana Castela,Mato Grosso do Sul,
Portugal,8,2023-07-02,Novo Balanco,"Veigh, Bvga Beatz, Supernova Ent & Prod Malax",Malabo,Hip-Hop/Rap
Portugal,9,2023-07-02,Calm Down,Rema,GB,
Portugal,10,2023-07-02,Daylight,David Kushner,US,Pop
Portugal,11,2023-07-02,Casa,D.A.M.A. & Buba Espinho,,
Portugal,12,2023-07-02,Sprinter,Dave & Central Cee,England,Hip-Hop/Rap
Portugal,13,2023-07-02,Flowers,Miley Cyrus,US,Pop
Portugal,14,2023-07-02,Planeta,Bispo & Barbara Tinoco,Lisboa,
Portugal,15,2023-07-02,Conexoes De Mafia,Matue & Rich The Kid,BR,
Portugal,16,2023-07-02,El Merengue,Marshmello & Manuel Turizo,CO,Pop in Spanish
Portugal,17,2023-07-02,Loucamente,D.A.M.A. & Los Romeros,ES,
Portugal,18,2023-07-02,Preco Certo,Pedro Mafama,PT,Alternative
Portugal,19,2023-07-02,Creepin',"Metro Boomin, Weeknd & 21 Savage",US,
Portugal,20,2023-07-02,Beso,Rosalia & Rauw Alejandro,PR,
Portugal,1,2023-06-04,Chakras,Ivandro & Julinho KSD,PT,
Portugal,2,2023-06-04,Como Tu,Barbara Bandeira & Ivandro,PT,
Portugal,3,2023-06-04,La Bachata,Manuel Turizo,CO,Urbano latino
Portugal,4,2023-06-04,Nosso Quadro,Agroplay & Ana Castela,Mato Grosso do Sul,
Portugal,5,2023-06-04,Casa,D.A.M.A. & Buba Espinho,,
Portugal,6,2023-06-04,Flowers,Miley Cyrus,US,Pop
Portugal,7,2023-06-04,A Nossa Danca,Calema,ST,Afro-Pop
Portugal,8,2023-06-04,Planeta,Bispo & Barbara Tinoco,Lisboa,
Portugal,9,2023-06-04,Calm Down,Rema,GB,
Portugal,10,2023-06-04,Ta Tudo Bem,T-Rex,GB,Hip-Hop/Rap
Portugal,11,2023-06-04,Conexoes De Mafia,Matue & Rich The Kid,BR,
Portugal,12,2023-06-04,Daylight,David Kushner,US,Pop
Portugal,13,2023-06-04,Maria Joana,"Nuno Ribeiro, Calema & Mariza",PT,Pop
Portugal,14,2023-06-04,Beso,Rosalia & Rauw Alejandro,PR,
Portugal,15,2023-06-04,Baby Don't Hurt Me,"David Guetta, Anne-Marie & Coi Leray",US,Dance
Portugal,16,2023-06-04,Creepin',"Metro Boomin, Weeknd & 21 Savage",US,
Portugal,17,2023-06-04,Coracao De Gelo,WIU,BR,Rap
Portugal,18,2023-06-04,TQG,Karol G & Shakira,CO,
Portugal,19,2023-06-04,Novo Balanco,"Veigh, Bvga Beatz, Supernova Ent & Prod Malax",Malabo,Hip-Hop/Rap
Portugal,20,2023-06-04,Pilantra,Jao & Anitta,BR,
Portugal,1,2023-05-07,Casa,D.A.M.A. & Buba Espinho,,
Portugal,2,2023-05-07,Flowers,Miley Cyrus,US,Pop
Portugal,3,2023-05-07,Como Tu,Barbara Bandeira & Ivandro,PT,
Portugal,4,2023-05-07,La Bachata,Manuel Turizo,CO,Urbano latino
Portugal,5,2023-05-07,Calm Down,Rema,GB,
Portugal,6,2023-05-07,Nosso Quadro,Agroplay & Ana Castela,Mato Grosso do Sul,
Portugal,7,2023-05-07,Planeta,Bispo & Barbara Tinoco,Lisboa,
Portugal,8,2023-05-07,Creepin',"Metro Boomin, Weeknd & 21 Savage",US,
Portugal,9,2023-05-07,A Nossa Danca,Calema,ST,Afro-Pop
Portugal,10,2023-05-07,Ta Tudo Bem,T-Rex,GB,Hip-Hop/Rap
Portugal,11,2023-05-07,Coracao De Gelo,WIU,BR,Rap
Portugal,12,2023-05-07,Beso,Rosalia & Rauw Alejandro,PR,
Portugal,13,2023-05-07,Conexoes De Mafia,Matue & Rich The Kid,BR,
Portugal,14,2023-05-07,Love Again,Richie Campbell,PT,
Portugal,15,2023-05-07,Chakras,Ivandro & Julinho KSD,PT,
Portugal,16,2023-05-07,Maria Joana,"Nuno Ribeiro, Calema & Mariza",PT,Pop
Portugal,17,2023-05-07,Chamada Nao Atendida,Barbara Tinoco,Lisboa,
Portugal,18,2023-05-07,Lua,Ivandro,,Pop
Portugal,19,2023-05-07,Lovezinho,Treyce,,
Portugal,20,2023-05-07,Escapism,Raye & 070 Shake,US,
Australia,1,2023-08-28,Paint The Town Red,Doja Cat,US,Rap
Australia,2,2023-08-28,Fast Car,Luke Combs,US,Country
Australia,3,2023-08-28,Sprinter,Dave & Central Cee,England,Hip-Hop/Rap
Australia,4,2023-08-28,Cruel Summer,Taylor Swift,US,Pop
Australia,5,2023-08-28,Dance The Night,Dua Lipa,England,Pop
Australia,6,2023-08-28,Last Night,Morgan Wallen,US,Country
Australia,7,2023-08-28,What Was I Made For?,Billie Eilish,US,Alternative
Australia,8,2023-08-28,Vampire,Olivia Rodrigo,US,Pop
Australia,9,2023-08-28,Barbie World,"Nicki Minaj, Ice Spice & Aqua",US,
Australia,10,2023-08-28,Fukumean,Gunna,US,Hip-Hop/Rap
Australia,11,2023-08-28,Popular,"Weeknd, Playboi Carti & Madonna",US,
Australia,12,2023-08-28,Something In The Orange,Zach Bryan,Seattle,Country
Australia,13,2023-08-28,Daylight,David Kushner,US,Pop
Australia,14,2023-08-28,Rich Men North Of Richmond,Oliver Anthony Music,US,Country
Australia,15,2023-08-28,Bad Idea Right?,Olivia Rodrigo,US,Pop
Australia,16,2023-08-28,Flowers,Miley Cyrus,US,Pop
Australia,17,2023-08-28,The Kind Of Love We Make,Luke Combs,US,Country
Australia,18,2023-08-28,Die For You,Weeknd,CA,
Australia,19,2023-08-28,Calm Down,Rema,GB,
Australia,20,2023-08-28,Seven,Jung Kook & Latto,KR,K-Pop
Australia,1,2023-07-31,What Was I Made For?,Billie Eilish,US,Alternative
Australia,2,2023-07-31,Barbie World,"Nicki Minaj, Ice Spice & Aqua",US,
Australia,3,2023-07-31,Vampire,Olivia Rodrigo,US,Pop
Australia,4,2023-07-31,Last Night,Morgan Wallen,US,Country
Australia,5,2023-07-31,Dance The Night,Dua Lipa,England,Pop
Australia,6,2023-07-31,Seven,Jung Kook & Latto,KR,K-Pop
Australia,7,2023-07-31,Cruel Summer,Taylor Swift,US,Pop
Australia,8,2023-07-31,Fukumean,Gunna,US,Hip-Hop/Rap
Australia,9,2023-07-31,Fast Car,Luke Combs,US,Country
Australia,10,2023-07-31,Popular,"Weeknd, Playboi Carti & Madonna",US,
Australia,11,2023-07-31,Daylight,David Kushner,US,Pop
Australia,12,2023-07-31,Flowers,Miley Cyrus,US,Pop
Australia,13,2023-07-31,Super Shy,NewJeans,KR,K-Pop
Australia,14,2023-07-31,Rush,Troye Sivan,AU,Pop
Australia,15,2023-07-31,Kill Bill,SZA,US,R&B/Soul
Australia,16,2023-07-31,Calm Down,Rema,GB,
Australia,17,2023-07-31,Calm Down,Rema,GB,
Australia,18,2023-07-31,Anti-Hero,Taylor Swift,US,Pop
Australia,19,2023-07-31,Something In The Orange,Zach Bryan,Seattle,Country
Australia,20,2023-07-31,Die For You,Weeknd,CA,
Australia,1,2023-07-03,Sprinter,Dave & Central Cee,England,Hip-Hop/Rap
Australia,2,2023-07-03,Last Night,Morgan Wallen,US,Country
Australia,3,2023-07-03,Cruel Summer,Taylor Swift,US,Pop
Australia,4,2023-07-03,Fast Car,Luke Combs,US,Country
Australia,5,2023-07-03,Flowers,Miley Cyrus,US,Pop
Australia,6,2023-07-03,Daylight,David Kushner,US,Pop
Australia,7,2023-07-03,Anti-Hero,Taylor Swift,US,Pop
Australia,8,2023-07-03,Karma,Taylor Swift,US,Pop
Australia,9,2023-07-03,Cupid,Fifty Fifty,GB,
Australia,10,2023-07-03,Kill Bill,SZA,US,R&B/Soul
Australia,11,2023-07-03,Die For You,Weeknd,CA,
Australia,12,2023-07-03,Calm Down,Rema,GB,
Australia,13,2023-07-03,Boy's A Liar,PinkPantheress,England,Pop
Australia,14,2023-07-03,As It Was,Harry Styles,England,Pop
Australia,15,2023-07-03,Something In The Orange,Zach Bryan,Seattle,Country
Australia,16,2023-07-03,All My Life,Lil Durk & J. Cole,US,
Australia,17,2023-07-03,I Ain't Worried,OneRepublic,US,Pop
Australia,18,2023-07-03,Someone You Loved,Lewis Capaldi,GB,Dance
Australia,19,2023-07-03,Until I Found You,Stephen Sanchez & Em Beihold,US,Singer/Songwriter
Australia,20,2023-07-03,Blank Space,Taylor Swift,US,Pop
Australia,1,2023-06-05,Last Night,Morgan Wallen,US,Country
Australia,2,2023-06-05,Karma,Taylor Swift,US,Pop
Australia,3,2023-06-05,The Beginning: Cupid,Fifty Fifty,GB,
Australia,4,2023-06-05,Flowers,Miley Cyrus,US,Pop
Australia,5,2023-06-05,Fast Car,Luke Combs,US,Country
Australia,6,2023-06-05,Daylight,David Kushner,US,Pop
Australia,7,2023-06-05,Boy's A Liar,PinkPantheress,England,Pop
Australia,8,2023-06-05,Kill Bill,SZA,US,R&B/Soul
Australia,9,2023-06-05,Die For You,Weeknd,CA,
Australia,10,2023-06-05,Anti-Hero,Taylor Swift,US,Pop
Australia,11,2023-06-05,All My Life,Lil Durk & J. Cole,US,
Australia,12,2023-06-05,Snow On The Beach,Taylor Swift & Lana Del Rey,US,
Australia,13,2023-06-05,Miracle,Calvin Harris & Ellie Goulding,GB,Dance
Australia,14,2023-06-05,Until I Found You,Stephen Sanchez,,Singer/Songwriter
Australia,15,2023-06-05,As It Was,Harry Styles,England,Pop
Australia,16,2023-06-05,Hits Different,Taylor Swift,US,Pop
Australia,17,2023-06-05,Creepin',"Metro Boomin, Weeknd & 21 Savage",US,
Australia,18,2023-06-05,I Ain't Worried,OneRepublic,US,Pop
Australia,19,2023-06-05,Escapism,Raye & 070 Shake,US,
Australia,20,2023-06-05,Something In The Orange,Zach Bryan,Seattle,Country
Australia,1,2023-05-08,Last Night,Morgan Wallen,US,Country
Australia,2,2023-05-08,The Beginning: Cupid,Fifty Fifty,GB,
Australia,3,2023-05-08,Flowers,Miley Cyrus,US,Pop
Australia,4,2023-05-08,Kill Bill,SZA,US,R&B/Soul
Australia,5,2023-05-08,Boy's A Liar,PinkPantheress,England,Pop
Australia,6,2023-05-08,Daylight,David Kushner,US,Pop
Australia,7,2023-05-08,Die For You,Weeknd,CA,
Australia,8,2023-05-08,Fast Car,Luke Combs,US,Country
Australia,9,2023-05-08,Until I Found You,Stephen Sanchez,,Singer/Songwriter
Australia,10,2023-05-08,Anti-Hero,Taylor Swift,US,Pop
Australia,11,2023-05-08,Escapism,Raye & 070 Shake,US,
Australia,12,2023-05-08,As It Was,Harry Styles,England,Pop
Australia,13,2023-05-08,Creepin',"Metro Boomin, Weeknd & 21 Savage",US,
Australia,14,2023-05-08,Calm Down,Rema,GB,
Australia,15,2023-05-08,Players,Coi Leray,US,Hip-Hop/Rap
Australia,16,2023-05-08,Miracle,Calvin Harris & Ellie Goulding,GB,Dance
Australia,17,2023-05-08,I Ain't Worried,OneRepublic,US,Pop
Australia,18,2023-05-08,Double Fantasy,Weeknd & Future,CA,
Australia,19,2023-05-08,Something In The Orange,Zach Bryan,Seattle,Country
Australia,20,2023-05-08,Sure Thing,Miguel,US,R&B/Soul
Australia,1,2023-04-10,Flowers,Miley Cyrus,US,Pop
Australia,2,2023-04-10,Last Night,Morgan Wallen,US,Country
Australia,3,2023-04-10,Boy's A Liar,PinkPantheress,England,Pop
Australia,4,2023-04-10,Kill Bill,SZA,US,R&B/Soul
Australia,5,2023-04-10,Die For You,Weeknd,CA,
Australia,6,2023-04-10,Anti-Hero,Taylor Swift,US,Pop
Australia,7,2023-04-10,As It Was,Harry Styles,England,Pop
Australia,8,2023-04-10,Until I Found You,Stephen Sanchez,,Singer/Songwriter
Australia,9,2023-04-10,Escapism,Raye & 070 Shake,US,
Australia,10,2023-04-10,Eyes Closed,Ed Sheeran,GB,Pop
Australia,11,2023-04-10,Players,Coi Leray,US,Hip-Hop/Rap
Australia,12,2023-04-10,Creepin',"Metro Boomin, Weeknd & 21 Savage",US,
Australia,13,2023-04-10,I Ain't Worried,OneRepublic,US,Pop
Australia,14,2023-04-10,Sure Thing,Miguel,US,R&B/Soul
Australia,15,2023-04-10,Calm Down,Rema,GB,
Australia,16,2023-04-10,Shivers,Ed Sheeran,GB,Pop
Australia,17,2023-04-10,Unholy,Sam Smith & Kim Petras,US,Dance
Australia,18,2023-04-10,Fast Car,Luke Combs,US,Country
Australia,19,2023-04-10,Green Green Grass,George Ezra,GB,Singer/Songwriter
Australia,20,2023-04-10,Something In The Orange,Zach Bryan,Seattle,Country
Australia,1,2023-03-13,Flowers,Miley Cyrus,US,Pop
Australia,2,2023-03-13,Boy's A Liar,PinkPantheress,England,Pop
Australia,3,2023-03-13,Die For You,Weeknd,CA,
Australia,4,2023-03-13,Kill Bill,SZA,US,R&B/Soul
Australia,5,2023-03-13,As It Was,Harry Styles,England,Pop
Australia,6,2023-03-13,Last Night,Morgan Wallen,US,Country
Australia,7,2023-03-13,Escapism,Raye & 070 Shake,US,
Australia,8,2023-03-13,Until I Found You,Stephen Sanchez,,Singer/Songwriter
Australia,9,2023-03-13,Players,Coi Leray,US,Hip-Hop/Rap
Australia,10,2023-03-13,Shivers,Ed Sheeran,GB,Pop
Australia,11,2023-03-13,Sure Thing,Miguel,US,R&B/Soul
Australia,12,2023-03-13,Anti-Hero,Taylor Swift,US,Pop
Australia,13,2023-03-13,Creepin',"Metro Boomin, Weeknd & 21 Savage",US,
Australia,14,2023-03-13,Unholy,Sam Smith & Kim Petras,US,Dance
Australia,15,2023-03-13,I Ain't Worried,OneRepublic,US,Pop
Australia,16,2023-03-13,Late Night Talking,Harry Styles,England,Pop
Australia,17,2023-03-13,Miss You,Oliver Tree & Robin Schulz,DE,Pop
Australia,18,2023-03-13,I'm Good (Blue),David Guetta & Bebe Rexha,US,Dance
Australia,19,2023-03-13,10:35,DJ Tiesto & Tate McRae,NL,
Australia,20,2023-03-13,Bad Habits,Ed Sheeran,GB,Pop
Australia,1,2023-02-13,Flowers,Miley Cyrus,US,Pop
Australia,2,2023-02-13,Kill Bill,SZA,US,R&B/Soul
Australia,3,2023-02-13,Unholy,Sam Smith & Kim Petras,US,Dance
Australia,4,2023-02-13,Escapism,Raye & 070 Shake,US,
Australia,5,2023-02-13,Anti-Hero,Taylor Swift,US,Pop
Australia,6,2023-02-13,Love Again,Kid LAROI,AU,
Australia,7,2023-02-13,Miss You,Oliver Tree & Robin Schulz,DE,Pop
Australia,8,2023-02-13,Creepin',"Metro Boomin, Weeknd & 21 Savage",US,
Australia,9,2023-02-13,As It Was,Harry Styles,England,Pop
Australia,10,2023-02-13,I Ain't Worried,OneRepublic,US,Pop
Australia,11,2023-02-13,Sure Thing,Miguel,US,R&B/Soul
Australia,12,2023-02-13,Made You Look,Meghan Trainor,US,Pop
Australia,13,2023-02-13,Until I Found You,Stephen Sanchez,,Singer/Songwriter
Australia,14,2023-02-13,I'm Good (Blue),David Guetta & Bebe Rexha,US,Dance
Australia,15,2023-02-13,B.O.T.A. (Baddest Of Them All),Eliza Rose & Interplanetary Criminal,Leeds,Dance
Australia,16,2023-02-13,Say Nothing,Flume & MAY-A,AU,Electronic
Australia,17,2023-02-13,10:35,DJ Tiesto & Tate McRae,NL,
Australia,18,2023-02-13,Players,Coi Leray,US,Hip-Hop/Rap
Australia,19,2023-02-13,Bad Habit,Steve Lacy,US,R&B/Soul
Australia,20,2023-02-13,Cuff It,Beyonce Knowles,US,
Australia,1,2023-01-16,Kill Bill,SZA,US,R&B/Soul
Australia,2,2023-01-16,Unholy,Sam Smith & Kim Petras,US,Dance
Australia,3,2023-01-16,Anti-Hero,Taylor Swift,US,Pop
Australia,4,2023-01-16,Escapism,Raye & 070 Shake,US,
Australia,5,2023-01-16,Miss You,Oliver Tree & Robin Schulz,DE,Pop
Australia,6,2023-01-16,I'm Good (Blue),David Guetta & Bebe Rexha,US,Dance
Australia,7,2023-01-16,I Ain't Worried,OneRepublic,US,Pop
Australia,8,2023-01-16,Made You Look,Meghan Trainor,US,Pop
Australia,9,2023-01-16,Creepin',"Metro Boomin, Weeknd & 21 Savage",US,
Australia,10,2023-01-16,As It Was,Harry Styles,England,Pop
Australia,11,2023-01-16,Let Go,Central Cee,England,Hip-Hop/Rap
Australia,12,2023-01-16,Until I Found You,Stephen Sanchez,,Singer/Songwriter
Australia,13,2023-01-16,HeatWaves,Glass Animals,GB,Alternative
Australia,14,2023-01-16,Bad Habit,Steve Lacy,US,R&B/Soul
Australia,15,2023-01-16,B.O.T.A. (Baddest Of Them All),Eliza Rose & Interplanetary Criminal,Leeds,Dance
Australia,16,2023-01-16,How Do I Say Goodbye,Dean Lewis,AU,Singer/Songwriter
Australia,17,2023-01-16,Rich Flex,Drake & 21 Savage,US,Hip-Hop/Rap
Australia,18,2023-01-16,Cold Heart (Pnau Remix),Elton John & Dua Lipa,England,Pop
Australia,19,2023-01-16,Something In The Orange,Zach Bryan,Seattle,Country
Australia,20,2023-01-16,Sunroof,Nicky Youre & Dazy,US,Pop
Australia,1,2022-12-19,All I Want For Christmas Is You,Mariah Carey,US,Christmas: Pop
Australia,2,2022-12-19,Unholy,Sam Smith & Kim Petras,US,Dance
Australia,3,2022-12-19,Anti-Hero,Taylor Swift,US,Pop
Australia,4,2022-12-19,Made You Look,Meghan Trainor,US,Pop
Australia,5,2022-12-19,Kill Bill,SZA,US,R&B/Soul
Australia,6,2022-12-19,Last Christmas,Wham!,GB,Pop
Australia,7,2022-12-19,Miss You,Oliver Tree & Robin Schulz,DE,Pop
Australia,8,2022-12-19,I Ain't Worried,OneRepublic,US,Pop
Australia,9,2022-12-19,I'm Good (Blue),David Guetta & Bebe Rexha,US,Dance
Australia,10,2022-12-19,Creepin',"Metro Boomin, Weeknd & 21 Savage",US,
Australia,11,2022-12-19,It's Beginning To Look A Lot Like Christmas,Michael Buble,CA,
Australia,12,2022-12-19,Rockin' Around The Christmas Tree,Brenda Lee,Nashville,Christmas
Australia,13,2022-12-19,As It Was,Harry Styles,England,Pop
Australia,14,2022-12-19,Rich Flex,Drake & 21 Savage,US,Hip-Hop/Rap
Australia,15,2022-12-19,Santa Tell Me,Ariana Grande,US,Holiday
Australia,16,2022-12-19,Nobody Gets Me,SZA,US,R&B/Soul
Australia,17,2022-12-19,Bad Habit,Steve Lacy,US,R&B/Soul
Australia,18,2022-12-19,HeatWaves,Glass Animals,GB,Alternative
Australia,19,2022-12-19,Jingle Bell Rock,Bobby Helms,US,Holiday
Australia,20,2022-12-19,B.O.T.A. (Baddest Of Them All),Eliza Rose & Interplanetary Criminal,Leeds,Dance
Australia,1,2022-11-21,Rich Flex,Drake & 21 Savage,US,Hip-Hop/Rap
Australia,2,2022-11-21,Anti-Hero,Taylor Swift,US,Pop
Australia,3,2022-11-21,Major Distribution,Drake & 21 Savage,US,Hip-Hop/Rap
Australia,4,2022-11-21,On BS,Drake & 21 Savage,US,Hip-Hop/Rap
Australia,5,2022-11-21,Circo Loco,Drake & 21 Savage,US,Hip-Hop/Rap
Australia,6,2022-11-21,Pussy & Millions,"Drake, 21 Savage & Travis Scott",US,
Australia,7,2022-11-21,Unholy,Sam Smith & Kim Petras,US,Dance
Australia,8,2022-11-21,BackOutsideBoyz,Drake,CA,Hip-Hop/Rap
Australia,9,2022-11-21,Spin Bout U,Drake & 21 Savage,US,Hip-Hop/Rap
Australia,10,2022-11-21,Privileged Rappers,Drake & 21 Savage,US,Hip-Hop/Rap
Australia,11,2022-11-21,I'm Good (Blue),David Guetta & Bebe Rexha,US,Dance
Australia,12,2022-11-21,Broke Boys,Drake & 21 Savage,US,Hip-Hop/Rap
Australia,13,2022-11-21,Hours In Silence,Drake & 21 Savage,US,Hip-Hop/Rap
Australia,14,2022-11-21,Treacherous Twins,Drake & 21 Savage,US,Hip-Hop/Rap
Australia,15,2022-11-21,Middle Of The Ocean,Drake,CA,Hip-Hop/Rap
Australia,16,2022-11-21,Jumbotron Shit Poppin,Drake,CA,Hip-Hop/Rap
Australia,17,2022-11-21,More M's,Drake & 21 Savage,US,Hip-Hop/Rap
Australia,18,2022-11-21,I Ain't Worried,OneRepublic,US,Pop
Australia,19,2022-11-21,Numb,Marshmello & Khalid,US,R&B/Soul
Australia,20,2022-11-21,Lavender Haze,Taylor Swift,US,Pop
Australia,1,2022-10-24,Unholy,Sam Smith & Kim Petras,US,Dance
Australia,2,2022-10-24,I'm Good (Blue),David Guetta & Bebe Rexha,US,Dance
Australia,3,2022-10-24,I Ain't Worried,OneRepublic,US,Pop
Australia,4,2022-10-24,Miss You,Oliver Tree & Robin Schulz,DE,Pop
Australia,5,2022-10-24,B.O.T.A. (Baddest Of Them All),Eliza Rose & Interplanetary Criminal,Leeds,Dance
Australia,6,2022-10-24,Bad Habit,Steve Lacy,US,R&B/Soul
Australia,7,2022-10-24,Super Freaky Girl,Nicki Minaj,US,Hip-Hop/Rap
Australia,8,2022-10-24,As It Was,Harry Styles,England,Pop
Australia,9,2022-10-24,Cuff It,Beyonce Knowles,US,
Australia,10,2022-10-24,Under The Influence,Chris Brown,US,R&B/Soul
Australia,11,2022-10-24,2 Be Loved (Am I Ready),Lizzo,US,Pop
Australia,12,2022-10-24,Sunroof,Nicky Youre & Dazy,US,Pop
Australia,13,2022-10-24,HeatWaves,Glass Animals,GB,Alternative
Australia,14,2022-10-24,Hold Me Closer,Elton John & Britney Spears,US,Dance
Australia,15,2022-10-24,Something In The Orange,Zach Bryan,Seattle,Country
Australia,16,2022-10-24,I Like You (A Happier Song),Post Malone & Doja Cat,US,
Australia,17,2022-10-24,About Damn Time,Lizzo,US,Pop
Australia,18,2022-10-24,Doja,Central Cee,England,Hip-Hop/Rap
Australia,19,2022-10-24,Stay,Kid Laroi & Justin Bieber,CA,
Australia,20,2022-10-24,Cold Heart (Pnau Remix),Elton John & Dua Lipa,England,Pop
Austria,1,2023-08-22,Madchen Auf Dem Pferd,"Luca-Dante Spadafora, Niklas Dee & Octavian",DE,
Austria,2,2023-08-22,9 Bis 9,"Sira, Bausa & Badchieff",DE,
Austria,3,2023-08-22,Komet,Udo Lindenberg & Apache 207,DE,Pop
Austria,4,2023-08-22,Dance The Night,Dua Lipa,England,Pop
Austria,5,2023-08-22,What Was I Made For?,Billie Eilish,US,Alternative
Austria,6,2023-08-22,TABU.,Yung Yury & Damn Yury,,Techno
Austria,7,2023-08-22,Friesenjung,"Ski Aggu, Joost & Otto Waalkes",DE,Hip-Hop/Rap
Austria,8,2023-08-22,Summertime,Kontra K & Lana Del Rey,US,
Austria,9,2023-08-22,Lay Low,Tiesto,NL,
Austria,10,2023-08-22,Sprinter,Dave & Central Cee,England,Hip-Hop/Rap
Austria,11,2023-08-22,Not Fair,"Niklas Dee, Old Jim & Enny-Mae",DE,
Austria,12,2023-08-22,Flowers,Miley Cyrus,US,Pop
Austria,13,2023-08-22,Nachts Wach,"Miksu, Macloud & Makko",DE,
Austria,14,2023-08-22,Mami,Luciano & Bia,,
Austria,15,2023-08-22,Push Up,Creeds,FR,Dance
Austria,16,2023-08-22,Barbie World,"Nicki Minaj, Ice Spice & Aqua",US,
Austria,17,2023-08-22,Vampire,Olivia Rodrigo,US,Pop
Austria,18,2023-08-22,Daylight,David Kushner,US,Pop
Austria,19,2023-08-22,Baby Don't Hurt Me,"David Guetta, Anne-Marie & Coi Leray",US,Dance
Austria,20,2023-08-22,The Feeling,Lost Frequencies,BE,Dance
Austria,1,2023-07-25,Tropicana,RAF Camora & HoodBlaq,AT,
Austria,2,2023-07-25,Madchen Auf Dem Pferd,"Luca-Dante Spadafora, Niklas Dee & Octavian",DE,
Austria,3,2023-07-25,Komet,Udo Lindenberg & Apache 207,DE,Pop
Austria,4,2023-07-25,Friesenjung,"Ski Aggu, Joost & Otto Waalkes",DE,Hip-Hop/Rap
Austria,5,2023-07-25,TABU.,Yung Yury & Damn Yury,,Techno
Austria,6,2023-07-25,9 Bis 9,"Sira, Bausa & Badchieff",DE,
Austria,7,2023-07-25,Wien,RAF Camora & Yung Hurn,AT,Hip-Hop/Rap
Austria,8,2023-07-25,Sprinter,Dave & Central Cee,England,Hip-Hop/Rap
Austria,9,2023-07-25,Seven,Jung Kook & Latto,KR,K-Pop
Austria,10,2023-07-25,Flowers,Miley Cyrus,US,Pop
Austria,11,2023-07-25,Lay Low,Tiesto,NL,
Austria,12,2023-07-25,So,Bonez MC,DE,
Austria,13,2023-07-25,Nachts Wach,"Miksu, Macloud & Makko",DE,
Austria,14,2023-07-25,Baby Don't Hurt Me,"David Guetta, Anne-Marie & Coi Leray",US,Dance
Austria,15,2023-07-25,Strada,RAF Camora & Ahmad Amin,AT,Hip-Hop/Rap
Austria,16,2023-07-25,Daylight,David Kushner,US,Pop
Austria,17,2023-07-25,Mietfrei,Ski Aggu & Sira,DE,
Austria,18,2023-07-25,Substitution,Purple Disco Machine & Kungs,DE,Dance
Austria,19,2023-07-25,Not Fair,"Niklas Dee, Old Jim & Enny-Mae",DE,
Austria,20,2023-07-25,I'm Good (Blue),David Guetta & Bebe Rexha,US,Dance
Austria,1,2023-06-27,Strada,RAF Camora & Ahmad Amin,AT,Hip-Hop/Rap
Austria,2,2023-06-27,Friesenjung,"Ski Aggu, Joost & Otto Waalkes",DE,Hip-Hop/Rap
Austria,3,2023-06-27,Komet,Udo Lindenberg & Apache 207,DE,Pop
Austria,4,2023-06-27,Flowers,Miley Cyrus,US,Pop
Austria,5,2023-06-27,Daylight,David Kushner,US,Pop
Austria,6,2023-06-27,Sprinter,Dave & Central Cee,England,Hip-Hop/Rap
Austria,7,2023-06-27,Tattoo,Loreen,SE,Pop
Austria,8,2023-06-27,TABU.,Yung Yury & Damn Yury,,Techno
Austria,9,2023-06-27,Sara Perche Ti Amo,Ricchi & Poveri,IT,Pop
Austria,10,2023-06-27,Nachts Wach,"Miksu, Macloud & Makko",DE,
Austria,11,2023-06-27,Lay Low,Tiesto,NL,
Austria,12,2023-06-27,I'm Good (Blue),David Guetta & Bebe Rexha,US,Dance
Austria,13,2023-06-27,In Deinen Armen,Ayliva,DE,
Austria,14,2023-06-27,Baby Don't Hurt Me,"David Guetta, Anne-Marie & Coi Leray",US,Dance
Austria,15,2023-06-27,Makeba,Jain,FR,Dance
Austria,16,2023-06-27,All Night,RAF Camora & Luciano,AT,
Austria,17,2023-06-27,Wildberry Lillet,Nina Chuba,DE,Hip-Hop/Rap
Austria,18,2023-06-27,Alles Nur Kein Star,Bonez MC,DE,Hip-Hop/Rap
Austria,19,2023-06-27,Substitution,Purple Disco Machine & Kungs,DE,Dance
Austria,20,2023-06-27,Living In A Haze,Milky Chance,DE,Alternative
